0000;Nyilvántartási számlák;Holding accounts
1111;Alapítás, átszervezés aktivált értéke bruttó értéke;Capitalized value of formation / reorganization expenses (gross value)
1118;Alapítás, átszervezés aktivált értéke terven felüli értékcsökkenése;Extraordinary depreciation of capitalized value of formation / reorganization expenses
1119;Alapítás-átszervezés aktivált értékének terv szerinti értékcsökkenése;Ordinary depreciation of capitalized value of formation / reorganization expenses
1121;Kisérleti fejlesztés aktivált értéke bruttó értéke;Capitalized value of research and development (gross value)
1128;Kisérleti fejlesztés aktivált értéke terven felüli értékcsökkenése és visszaírása;Extraordinary depreciation of capitalized value of research and development  and written back
1129;Kisérleti fejlesztés aktivált értéke terv szerinti értékcsökkenés;Ordinary depreciation of capitalized value of research and development 
1131;Vagyoni értékű jogok bruttó értéke;Concessions, licenses and similar rights (gross value)
1137;Vagyoni értékű jogok értékhelyesbítés;Value correction of concessions, licenses and similar rights  
1138;Vagyoni értékű jogok terven felüli értékcsökkenése és visszaírása;Extraordinary depreciation of concessions, licenses and similar rights and written back  
1139;Vagyoni értékű jogok terv szerinti értékcsökkenése;Ordinary depreciation of concessions, licenses and similar rights  
1141;Szellemi termékek bruttó értéke;Trade-marks, patents, similar assets (gross value)
1147;Szellemi termékek értékhelyesbítése;Value correction of trade-marks, patents, similar assets  
1148;Szellemi termékek terven felüli értékcsökkenése és visszaírása;Extraordinary depreciation of trade-marks, patents, similar assets   and written back
1149;Szellemi termékek terv szerinti értékcsökkenés;Ordinary depreciation of trade-marks, patents, similar assets  
1151;Üzleti, vagy cégérték bruttó értéke;Goodwill (gross value)
1158;Üzleti, vagy cégérték terven felüli értékcsökkenése és visszaírása;Extraordinary depreciation of goodwill  and written back 
1159;Üzleti, vagy cégérték terv szerinti értékcsökkenése;Ordinary depreciation of goodwill 
1161;Feltárási és felmérési immateriális eszközök (IFRS 6);Exploration and evaluation intangible assets (IFRS 6)
1165;Feltárási és felmérési immateriális eszközök (IFRS 6) értékvesztése;Loss in value of exploration and evaluation intangible assets (IFRS 6)
1168;Feltárási és felmérési immateriális eszközök (IFRS 6) terven felüli értékcsökkenése és visszaírása;Extraordinary depreciation of exploration and evaluation intangible assets  and written back
1169;Feltárási és felmérési immateriális eszközök (IFRS 6) terv szerinti értékcsökkenése;Ordinary depreciation of exploration and evaluation intangible assets 
1171;Használatijog-eszköz (IFRS 16) imamteriális javak;Right-of use asset (IFRS) intangible assets
1175;Használatijog-eszköz (IFRS 16) imamteriális javak  értékvesztése és visszaírása;Loss in value of  intangible assets and written back 
1179;Használatijog- eszköz (IFRS 16) imamteriális javak értékcsökkenése;Ordinary depreciation of right-of use asset (IFRS)  intangible assets
1211;Földterület bruttó értéke;Land (gross value)
1217;Földterület értékhelyesbítés;Value correction of land
1218;Földterület terven felüli értékcsökkenés és visszaírása;Extraordinary depreciation of land and written back 
1219;Földterület terv szerinti értékcskökkenés;Ordinary depreciation of land
1221;Telek, telkesítés bruttó értéke;Building plots (gross value)
1227;Telek, telkesítés értékhelyesbítése;Value correction of building plots 
1228;Telek, telkesítés terven felüli értékcsökkenése és visszaírása;Extraordinary depreciation of building plots and written back 
1229;Telek, telkesítés terv szerinti értékcsökkenése;Ordinary depreciation of building plots 
1231;Épületek, épületrészek, tulajdoni hányadok ;Buidlings, parts of buildings, share of property  (gross value)
1237;Épületek, épületrészek, tulajdoni hányadok  értékhelyesbítése;Value correction of buidlings, parts of buildings, share of property 
1238;Épületek, épületrészek, tulajdoni hányadok  terven felüli értékcsökkenése és visszaírása;Extraordinary depreciation of buidlings, parts of buildings, share of property and written back 
1239;Épületek, épületrészek, tulajdoni hányadok  terv szerinti értékcsökkenése;Ordinary depreciation of buidlings, parts of buildings, share of property
1241;Egyéb építmények bruttó értéke;Other structures (gross value)
1247;Egyéb építmények értékhelyesbítése;Value correction of other structures
1248;Egyéb építmények terven felüli értékcsökkenése és visszaírása;Extraordinary depreciation of other structures and written back 
1249;Egyéb építmények terv szerinti értékcskökkenése;Ordinary depreciation of other structures
1251;Üzemkörön kívüli ingatlanok, épületek bruttó értéke ;Properties outside of sphere of operation (gross value)
1247;Üzemkörön kívüli ingatlanok, épületek értékhelyesbítése;Value correction of properties outside of sphere of operation
1248;Üzemkörön kívüli ingatlanok, épületek terven felüli értékcsökkenése és visszaírása;Extraordinary depreciation of properties outside of sphere of operation and written back 
1249;Üzemkörön kívüli ingatlanok, épületek terv szerinti értékcsökkenése;Ordinary depreciation of properties outside of sphere of operation
1261;Ingatlanhoz kapcsolódó vagyoni értékű jogok bruttó értéke ;Rights to immovable property (gross value)
1267;Ingatlanhoz kapcsolódó vagyoni értékű jogok értékhelyesbítése;Value correction of rights to immovable property
1268;Ingatlanhoz kapcsolódó vagyoni értékű jogok terven felüli értékcsökkenése és visszaírása;Extraordinary depreciation of rights to immovable propertyand and written back 
1269;Ingatlanhoz kapcsolódó vagyoni értékű jogok terv szerinti értékcsökkenése;Ordinary depreciation of rights to immovable property
1271;Feltárási és felmérési tárgyi eszközök (IFRS 6);Exploration and evaluation tangible assets (IFRS 6)
1275;Feltárási és felmérési tárgyi eszközök (IFRS 6) értékvesztése;Loss in value of exploration and evaluation tangible assets (IFRS 6)
1278;Feltárási és felmérési tárgyi eszközök (IFRS 6) terven felüli értékcsökkenése és visszaírása;Extraordinary depreciation of Exploration and evaluation tangible asset and written back 
1279;Feltárási és felmérési tárgyi eszközök (IFRS 6) terv szerinti értékcsökkenése;Ordinary depreciation of Exploration and evaluation tangible asset
1281;Befektetési célú ingatlan (IFRS IAS40);Investment property (IFRS IAS40)
1289;Befektetési célú ingatlanok értékcsökkenése (IFRS IAS40);Ordinary depreciation of investment property (IFRS IAS40)
1291;Használatijog-eszköz (IFRS 16) ingatlanok és vagyon értékű jogok;Right-of use asset (IFRS) Land and buildings, and rights to immovables
1295;Használatijog-eszköz (IFRS 16) ingatlanok és vagyon értékű jogok értékvesztése és visszaírása;Loss in value of Right-of use asset  Land and buildings, and rights to immovables and written back 
1299;Használatijog- eszköz (IFRS 16) ingatlanok és vagyon értékű jogok értékcsökkenése;Ordinary depreciation of right-of use asset (IFRS) Land and buildings, and rights to immovables
1311;Termelő gépek, berendezések, szerszámok, gyártóeszközök bruttó értéke ;Production equipments, machinery, tools (gross value)
1317;Termelő gépek, berendezések, szerszámok, gyártóeszközök értékhelyesbítése;Value correction of production equipments, machinery, tools
1318;Termelő gépek, berendezések, szerszámok, gyártóeszközök terven felüli értékcsökkenése és visszaírása;Extraordinary depreciation of production equipments, machinery, tools and written back 
1319;Termelő gépek, berendezések, szerszámok, gyártóeszközök terv szerinti értékcsökkenése;Ordinary depreciation of production equipments, machinery, tools
1321;Termelésben közvetlenül résztvevő járművek bruttó értéke ;Vehicles (participating directly in production) (gross value)
1327;Termelésben közvetlenül résztvevő járművek értékhelyesbítése;Value correction of vehicles (participating directly in production)
1328;Termelésben közvetlenül résztvevő járművek terven felüli értékcsökkenése és visszaírása;Extraordinary depreciation of vehicles (participating directly in production) and written back 
1329;Termelésben közvetlenül résztvevő járművek terv szerinti értékcsökkenése;Ordinary depreciation of vehicles (participating directly in production)
1391;Használatijog-eszköz (IFRS 16) műszaki berendezések, gépek, járművek ;Right-of use asset (IFRS) technical equipment, machinery, vehicles
1395;Használatijog-eszköz (IFRS 16) műszaki berendezések, gépek, járművek értékvesztése és visszaírása;Loss in value of Right-of use asset (IFRS) technical equipment, machinery, vehicles and written back 
1399;Használatijog- eszköz (IFRS 16) műszaki berendezések, gépek, járművek  értékcsökkenése;Ordinary depreciation of right-of use asset (IFRS) technical equipment, machinery, vehicles
1411;Üzemi (üzleti) gépek, berendezések, felszerelések bruttó értéke;Operating (business) equipments, machinery and vehicles (gross value)
1417;Üzemi (üzleti) gépek, berendezések, felszerelések értékhelyesbítése;Value correction of operating (business) equipments, machinery and vehicles
1418;Üzemi (üzleti) gépek, berendezések, felszerelések  terven felüli értékcsökkenése és visszaírása;Extraordinary depreciation of operating (business) equipments, machinery and vehicles and written back 
1419;Üzemi (üzleti) gépek, berendezések, felszerelések terv szerinti értékcsökkenése;Ordinary depreciation of operating (business) equipments, machinery and vehicles
1421;Egyéb járművek bruttó értéke;Other vehicles (gross value)
1427;Egyéb járművek értékhelyesbítése;Value correction of other vehicles
1428;Egyéb járművek  terven felüli értékcsökkenése és visszaírása;Extraordinary depreciation of other vehicles and written back 
1429;Egyéb járművek terv szerinti értékcsökkenése;Ordinary depreciation of other vehicles
1431;Irodai, igazgatási berendezések és felszerelések  bruttó értéke;Office and administration equipments and machinery (gross value)
1437;Irodai, igazgatási berendezések és felszerelések értékhelyesbítése;Value correction of office and administration equipments and machinery
1438;Irodai, igazgatási berendezések és felszerelések  terven felüli értékcsökkenése és visszaírása;Extraordinary depreciation of office and administration equipments and machinery and written back 
1439;Irodai, igazgatási berendezések és felszerelések  terv szerinti értékcsökkenése;Ordinary depreciation of office and administration equipments and machinery
1441;Üzemkörön kívüli berendezések, felszerelések, járművek bruttó értéke;Equipments, machines and vehicles outside of sphere of operation   (gross value)
1447;Üzemkörön kívüli berendezések, felszerelések, járművek értékhelyesbítése;Value correction of vehicles (participating directly in production)
1448;Üzemkörön kívüli berendezések, felszerelések, járművek terven felüli értékcsökkenése és visszaírása;Extraordinary depreciation of vehicles (participating directly in production) and written back 
1449;Üzemkörön kívüli berendezések, felszerelések, járművek terv szerinti értékcsökkenése;Ordinary depreciation of vehicles (participating directly in production)
1491;Használatijog-eszköz (IFRS 16) egyéb berendezések, felszerelések, járművek;Loss in value of  Right-of use asset (IFRS 16) other equipments, fixtures and fittings, vehicles
1495;Használatijog-eszköz (IFRS 16) egyéb berendezések, felszerelések, járművek értékvesztése és visszaírása;Right-of use asset (IFRS 16) other equipments, fixtures and fittings, vehicles and written back
1499;Használatijog- eszköz (IFRS 16) egyéb berendezések, felszerelések,járművek értékcsökkenése ;Ordinary depreciation of right-of use asset (IFRS 16) other equipments, fixtures and fittings, vehicles
1511;Tenyészállatok bruttó értéke;Breeding livestock (gross value)
1517;Tenyészállatok értékhelyesbítése;Value correction of breeding livestock
1518;Tenyészállatok terven felüli értékcsökkenése és visszaírása;Extraordinary depreciation of  breeding livestock and written back 
1519;Tenyészállatok terv szerinti értékcsökkenése;Ordinary depreciation of  breeding livestock
1521;Igásállatok bruttó értéke;Draught livestock (gross value)
1527;Igásállatok értékhelyesbítése;Value correction of draught livestock
1528;Igásállatok terven felüli értékcsökkenése és visszaírása;Extraordinary depreciation of draught livestock and written back 
1529;Igásállatok terv szerinti értékcsökkenése;Ordinary depreciation of draught livestock
1531;Egyéb állatok bruttó értéke;Other livestock (gross value)
1537;Egyéb állatok értékhelyesbítése;Value correction of other livestock
1538;Egyéb állatok terven felüli értékcsökkenése és visszaírása;Extraordinary depreciation ofother livestock and written back 
1539;Egyéb állatok terv szerinti értékcsökkenése;Ordinary depreciation of other livestock
1591;Biológiai eszközök (IFRS IAS41);Biological assets (IFRS IAS41)
1595;Biológiai eszközök (IFRS IAS41) értékvesztése és visszaírása;Loss in value of biological assets (IFRS IAS41) and written back
1599;Biológiai eszközök (IFRS IAS41) terv szerinti értékcsökkenése;Ordinary depreciation of biological assets (IFRS IAS41)
1611;Befejezelten beruházások ;Assets in course of constructions 
1618;Beruházások terven felüli értékcsökkenése és annak visszaírása ;Extraordinary depreciation of assets in course of constructions and written back  
1621;Felújítások (befejezetlen) ;Renewal (in progress) 
1628;Felújítások terven felüli értékcsökkenése és annak visszaírása ;Extraordinary depreciation of renewals and written back  
1711;Tartós részesedés kapcsolt vállalkozásokban ;Long-term participations in affiliated undertakings 
1715;Tartós részesedés értékvesztése és visszaírása ;Loss in value of long-term participations in affiliated undertakings and written back 
1716;Tartós részesedések értékelési különbözete ;Valuation difference of  long-term participations in affiliated undertakings 
1717;Tartós részesedések értékhelyesbítése ;Value correction of long-term participations in affiliated undertakings 
1721;Tartós jelentős tulajdoni részesedés;Long-term participations in substantial ownership
1725;Tartós jelentős tulajdoni részesedés  értékvesztése és visszaírása ;Loss in value of long-term participations in substantial ownership and written back 
1726;Tartós jelentős tulajdoni részesedés értékelési különbözete ;Valuation difference of  llong-term participations in substantial ownership
1727;Tartós jelentős tulajdoni részesedés értékhelyesbítése ;Value correction of long-term participations in substantial ownership
1731;Egyéb tartós részesedések ;Other long-term participations 
1735;Egyéb tartós részesedések értékvesztése és visszaírása ;Loss in value of other long-term participations and written back 
1736;Egyéb tartós részesedések értékelési különbözete ;Valuation difference of other long-term participations 
1737;Egyéb tartós részesedések értékhelyesbítése ;Value correction of other long-term participations 
1738;FVTPL tulajdonviszonyt megtestesítő pénzügyi eszközök, részvények (IFRS 9);FVTPL financial instruments, equity securities (IFRS 9)
1739;FVOCI tulajdonviszonyt megtestesítő pénzügyi eszközök, részvények (IFRS 9);FVOCI  financial instruments, equity securities (IFRS 9)
1811;Állampapírok, kötvények ;Goverment bonds 
1821;Tartós diszkont értékpapírok;Long-term discount securities
1825;Tartós diszkont értékpapírok értékvesztése és annak visszaírása ;Loss in value of long-term discount securities
1826;Tartós diszkont értékpapírok értékelési különbözete ;Valuation difference of long-term discount securities
1831;Kapcsolt vállalkozások értékpapírjai ;Securities issued by affiliated undertakings 
1835;Kapcsolt vállalkozások értékpapírjainak értékvesztése és annak visszaírása ;Loss in value of securities issued by affiliated undertakin and written back 
1836;Kapcsolt vállalkozások értékpapírjainak értékelési különbözete ;Valuation difference of securities issued by affiliated undertakin
1841;Egyéb tartós értékpapírok ;Other long-term securities 
1845;Egyéb tartós értékpapírok értékvesztése és annak visszaírása ;Loss in value of other long-term securities  and written back 
1846;Egyéb tartós értékpapírok értékelési különbözete ;Valuation difference of other long-term securities 
1911;Tartósan adott kölcsön kapcsolt vállalkozásban  ;Long-term loans to affiliated undertakings 
1915;Tartósan adott kölcsön kapcsolt vállalkozásban értékvesztése és annak visszaírása ;Loss in value of long-term loans to affiliated undertakings  and written back
1921;Tartósan adott kölcsön jelentős tulajdoni részesedési viszonyban álló vállalkozásban ;Long-term loans to substantial ownership
1925;Tartósan adott kölcsön jelentős tulajdoni részesedési viszonyban álló vállalkozásban értékvesztése és annak visszaírása ;Loss in value of long-term loans to substantial ownership and written back
1931;Tartósan adott kölcsön egyéb részesedési viszonyban álló vállalkozásban  ;Long-term loans to other associated enterprises 
1935;Tartósan adott kölcsön egyéb részesedési viszonyban álló vállalkozásban értékvesztése és annak visszaírása ;Loss in value of long-term loans to other associated enterprises  and written back
1941;Egyéb tartósan adott kölcsönök ;Other long term loans  
1945;Egyéb tartósan adott kölcsönök értékvesztése és annak visszaírása ;Loss in value of other long term loans  and written back
1951;Tartós bankbetétek  ;Long-term bank deposits 
1955;Tartós bankbetétek értékvesztése és annak visszaírása ;Loss in value of long-term bank deposits and written back
1961;Egyéb tartós bankbetétek ;Other long term bank deposits 
1965;Egyéb tartós bankbetétek értékvesztése és annak visszaírása ;Loss in value of other long term bank deposits  and written back
1971;Pénzügyi lizing miatt tartós követelés ;Permanent debtors because of financial leasing 
1972;Lízingkövetelés (IFRS 16) tartós;Lease receivables (IFRS16) long-term
1975;Pénzügyi lizing miatt tartós követelés értékvesztése és annak visszaírása ;Loss in value of permanent debtors because of financial leasing and written back
1981;Vásárolt és kapott tartós követelés ;Purchased and received long-term receivables 
1985;Vásárolt és kapott tartós követelés értékvesztése és annak visszaírása ;Loss in value of purchased and received long-term receivables and written back
1991;Egyéb hosszú lejáratú követelések;Other long-term receivables 
1992;Értékesítésre tartott befektetett eszközök (IFRS 5);Non-current assets held for sale (IFRS 5)
1993;Halasztott adókövetelés - DTA (IFRS IAS 12);Deferred tax assets - DTA (IFRS IAS 12)
1995;Egyéb hosszú lejáratú követelések értékvesztése és annak visszaírása ;Loss in value of other long-term receivables and written back
2111;Nyersanyagok ;Raw materials 
2115;Nyersanyagok értékvesztése és visszaírása ;Loss in value of raw materials  and written back  
2116;Nyersanyagok árkülönbözete ;Price difference of raw materials 
2121;Alapanyagok;Base materials
2125;Aalapanyagok értékvesztése és visszaírása ;Loss in value of base materials  and written back  
2126;Alapanyagok árkülönbözete ;Price difference of base materials 
2211;Segédanyagok ;Auxiliaries 
2215;Segédanyagok értékvesztése és visszaírása ;Loss in value of auxiliaries and written back  
2216;Segédanyagok árkülönbözete ;Price difference of auxiliaries 
2221;Egyéb anyagok ;Other materials
2225;Egyéb anyagok értékvesztése és visszaírása ;Loss in value of other materials and written back  
2226;Egyéb anyagok árkülönbözete ;Price difference of other materials 
2311;Befejezetlen termelés ;Work in progress 
2315;Befejezetlen termékek értékvesztése és annak visszaírása ;Loss in value of  work in progress and written back  
2316;Befejezetlen termelés készletérték-különbözete ;Stock value difference of work in progress
2321;Félkész termékek ;Semi-finished products 
2325;Félkész termékek értékvesztése és annak visszaírása ;Loss in value of semi-finished  products and written back  
2326;Félkész termékek készletérték-különbözete ;Stock value difference of semi-finished products 
2411;Növendék állatok ;Animals for breeding livestock 
2415;Növendék állatok értékvesztése és visszaírása ;Loss in value of animals for breeding livestock and written back  
2416;Növendék állatok készletérték-különbözete;Stock value difference of animals for breeding livestock
2421;Hízó állatok ;Fattening livestock 
2425;Hízó állatok értékvesztése és visszaírása  ;Loss in value of fattening livestock  and written back  
2426;Hízó állatok készletérték-különbözete;Stock value difference of fattening livestock 
2431;Egyéb állatok ;Other livestock 
2435;Egyéb állatok értékvesztése és visszaírása ;Loss in value of other livestock and written back  
2436;Egyéb állatok készletérték-különbözete;Stock value difference of other livestock
2511;Késztermékek ;Finished products 
2515;Késztermékek értékvesztése és visszaírása ;Loss in value of  finished products and written back  
2516;Késztermékek készletérték-különbözete ;Stock value difference of finished products 
2610;Áruk;Goods
2611;Áruk beszerzési áron ;Goods at original price  
2612;Áruk elszámoló áron ;Goods at transfer price 
2613;Áruk árkülönbönbözete ;Price difference of goods 
2614;Áruk eladási (fogyasztói) áron ;Goods at disposal price 
2615;Áruk értékvesztése és visszaírása ;Loss in value of goods and written back
2616;Áruk árrése ;Margin on goods 
2621;Idegen helyen tárolt, bizományba adott áru ;Goods stored in foreign place 
2625;Idegen helyen tárolt, bizományba adott áruk értékvesztése és visszaírása ;Loss in value of goods stored in foreign place 
2631;Befektetett eszközök közül átsorolt áruk ;Goods for sale from fixed assets 
2635;Befektetett eszközök közül átsorolt áruk értékvesztése és visszaírása ;Loss in value of goods for sale from fixed assets  
2641;Értékesítésig átmenetileg használatba vett áruk ;Goods temporarily in use until they are sold 
2645;Értékesítésig átmenetileg használatba vett áruk értékvesztése és visszaírása ;Loss in value of goods temporarily in use until they are sold 
2651;Úton lévő áruk;Moving goods
2655;Úton lévő áruk értékvesztése és visszaírása ;Loss in value of moving goods
2680;Belső egységek átadás-átvétel ütközőszámla;Transfer and setting up technical account of internal units
2711;Közvetített szolgáltatás ;Meditated services 
2715;Közvetített szolgáltatás értékvesztése és visszaírása ;Loss in value of mediated services and written back  
2811;Betétdíjas göngyöleg ;Returnable packaging 
2815;Betétdíjas göngyölegek értékvesztése és visszaírása ;Loss in value of  returnable packaging and written back  
2816;Betétdíjas göngyölegek árkülönbözete ;Price difference of returnable packaging 
3001;Szerződéses eszköz (IFRS 15);Contractual rights (IFRS 15)
3110;Vevőkövetelések ;Trade accounts receivables 
3111;Vevőkövetelések kapcsolt vállalkozással szemben (belföldi);Trade accounts receivables (domestic) owed to affiliated undertakings
3112;Vevőkövetelések egyéb (belföldi);Trade accounts receivables (domestic) other
3113;Vevőkövetelések kapcsolt vállakozással szemben (külföldi);Trade accounts receivables (foreign) owed to affiliated undertakings
3114;Vevőkövetelések egyéb  (külföldi);Trade accounts receivables (foreign) other
3115;Vevőkövetelések értékvesztése és visszaírása ;Loss in value of trade accounts receivables
3116;Vevőkövetelés értékelési különbözete ;Valuation difference of trade accounts receivables and written back  
3117;Nem számlázott vevők;Non-invoiced trade accounts receivables 
3211;Kapcsolt vállalkozással szembeni követelések;Accounts receivable from affiliated undertakings 
3215;Kapcsolt vállalkozással szembeni követelések értékvesztése és visszírása ;Loss in value of  accounts receivable from affiliated undertakings and written back  
3311;Követelések jelentős részesedési viszonyban lévő vállalkozással szemben;Receivables from substantial ownership
3315;Jelentős részesedési viszonyban lévő vállalkozással  szembeni követelések értékvesztése és visszírása ;Loss in value of receivables from substantial ownership and written back  
3321;Egyéb részesedési viszonyban lévő vállalkozással szembeni követelések ;Receivables from other associated enterprises 
3325;Egyéb részesedési viszonyban lévő vállalkozással szembeni követelések értékvesztése és visszírása ;Loss in value of receivables from other associated enterprises and written back  
3411;Váltókövetelések;Bills receivable 
3415;Váltókövetelések értékvesztése és visszaírása ;Loss in value of bills receivable and written back  
3416;Váltókövetelések értékelési különbözete ;Valuation difference of bills receivable 
3511;Immateriális javakra adott előlegek ;Advance payments on intangible assets 
3515;Immateriális javakra adott előlegek értékvesztése és visszaírása ;Loss in value of advance payments on intangible assets 
3521;Beruházásra adott előlegek ;Advance payments on tangible assets in course of construction 
3525;Beruházásra adott előlegek értékvesztése és visszaírása ;Loss in value of advance payments on tangible assets in course of construction
3531;Készletre adott előlegek ;Advance payments on inventories 
3535;Készletre adott előlegek értékvesztése és visszaírása ;Loss in value of advance payments on inventories 
3541;Szolgáltatásra adott előlegek ;Advance payments on services 
3545;Szolgáltatásra adott előlegek értékvesztése és visszaírása ;Loss in value of advance payments on services and written back  
3551;Egyéb előlegek;Other advance payments
3555;Egyéb előlegek értékvesztése és visszaírása ;Loss in value of other advance payments
3560;Jegyzet, de be nem fizetett tőke ;Unpaid subscribed capital
3611;Munkavállalóknak folyósított előlegek;Advance payments to employees
3612;Munkavállalóknak előírt tartozások, kártérítések;Debts prescribed to employees, compensations
3613;Munkavállalói letiltások;Payment bans to employees
3614;Egyéb elszámolások a munkavállalókkal;Other accounts payable to employees
3615;Kilépett munkavállalók tartozása;Exiting employee's debt
3620;Költségvetési kiutalási igény;Budgetary allocation demands
3630;Költségvetési kiutalási igények teljesítése;Fulfillment of budgetary allocation demands
3641;Rövid lejáratú kölcsönök kapcsolt vállalkozással szemben;Short-term loans (affiliated undertakings) 
3642;Rövid lejáratú kölcsönök egyéb;Short-term loans (other)
3643;Tartósan adott kölcsönökből átsorolt követelés;Receivables reclassified from long-term loans
3645;Rövid lejáratú kölcsönadott pénzeszközök értékvesztése;Loss in value of short-term loans
3651;Vásárolt és kapott követelések ;Purchased and received receivables 
3655;Vásárolt és kapott követelések értékvesztése és visszaírása ;Loss in value of purchased and received receivables and written back  
3661;Részesedésekkel, értékpapírokkal, határidős, opciós és swap ügyletekkel kapcsolatos követések;Receivables related to shares, securities, futures, options and swaps 
3665;Részesedésekkel, értékpapírokkal, határidős, opciós és swap ügyletekkel kapcsolatos követések értékvesztése és visszaírása ;Loss in value of shares, securities, futures, options and swaps and written back  
3676;Származékos ügyletek pozitív értékelési különbözete;Positive valuation difference of derivatives 
3681;Adókövetelések;Tax receivables 
3682;Különféle egyéb követelések;Other various receivables 
3685;Különféle egyéb követelések értékvesztése és visszaírása ;Loss in value of other various receivables and written back  
3691;Lízingkövetelés (IFRS 16) rövid lejáratú;Lease receivables (IFRS16) short-term
3692;FVTPL hitelviszonyt megtestesítő pénzügyi eszközök (IFRS 9);FVTPL debt financial instruments (IFRS 9)
3693;FVOCI hitelviszonyt megtestesítő pénzügyi eszközök (IFRS 9);FVTPL debt financial instruments (IFRS 9)
3711;Részesedések kapcsolt vállalkozásokban ;Shares in affiliated undertakings 
3715;Részesedések kapcsolt vállalkozásokban értékvesztése és visszaírása ;Loss in value of shares in affiliated undertakings and written back  
3721;Jelentős tulajdoni részesedés;Shares in substantial ownership
3725;Jelentős tulajdoni részesedé sértékvesztése és visszaírása ;Loss in value of  shares in substantial ownership and written back  
3731;Egyéb részesedések ;Other shares 
3735;Egyéb részesedések értékvesztése és visszaírása ;Loss in value of other shares and written back  
3741;Visszavásárolt saját részvények, saját üzletrészek;Repurchased own shares, own business quotas
3742;Visszaváltható részvények;Redeemable shares
3745;Saját részvények, saját üzletrészek, visszaváltható részvények értékvesztése és visszaírása ;Loss in value of own shares and own business quotas, redeemable shares and written back  
3751;Eladásra vásárolt hitelviszonyt megtestesítő értékpapírok ;Debt securities purchased for sale
3752;Eladásra vásárolt diszkont értékpapírok;Discount securities purchased for sale
3755;Forgatási célú hitelviszonyt megtestesítő értékpapírok ;Loss in value of  securities purchased for re-sale  and written back  
3756;Értékpapírok értékelési különbözete ;Valuation difference of securities 
3810;Pénztár ;Cash 
3820;Valutapénztár ;Foreign currency cash
3830;Csekkek ;Checks 
3840;Elszámolási betétszámla ;Bank deposits 
3850;Elkülönített betétszámlák ;Isolated deposit accounts 
3860;Devizabetét-számla ;Foreign currency deposit account 
3870;Likvid értékpapírok (IFRS);Liquid securities
3880;Pénzeszközök és egyenértékesek (IFRS);Cash and cash equivalents 
3890;Átvezetési számla ;Transfer account 
3910;Bevételek aktív időbeli elhatárolása ;Accrued income 
3920;Költségek, ráforditások aktív időbeli elhatárolása ;Prepaid expenses 
3930;Halasztott ráfordítások ;Deferred expenses 
3990;Követelés jellegű aktív időbeli elhatárolások értékvesztése és visszaírása ;Loss in value of  prepayments and accrued income and written back  
4110;Jegyzett tőke ;Subscribed capital 
4121;Tőketartalék ;Capital reserves 
4122;Tőkeinstrumentumban rendezett részvényalapú kifizetés tartaléka (IFRS 2);Reserves of equity-settled share-based payment transactions (IFRS 2)
4123;Átváltható kötvény tartaléka (IFRS);Reserves of convertible bond (IFRS)
4131;Eredménytartalék;Reserves
4132;Eredménytartalék tárgyévi változás;Reserves current year change
4133;Eredménytartalék előző évekből;Reserves from previous years
4141;Lekötött tartalék ;Tied-up reserve
4142;Lekötött tartalék fejlesztési tartalékra;Tied-up reserve to development reserve
4171;Értékhelyesbítés értékelési tartaléka;Value correction's revaluation reserve 
4172;Valós értékelés értékelési tartaléka;Fair value's revaluation reserve 
4173;FVOCI Pénzügyi instrumentumok átértékelési tartaléka (IFRS);Revaluation reserves of financial instruments (IFRS)
4174;Tárgyi eszközök/immateriális javak átértékelési tartaléka (IFRS);Revaluation reserves of assets (IFRS)
4175;Munkavállalói juttatások aktuáriusi értékelésével kapcsolatos tartalékok (IFRS);Revaluation reserves of actuary valuations of employee benefits (IFRS)
4179;Egyéb átértékelési tartalékok (IFRS);Other revaluation reserves (IFRS)
4190;Adózótt eredmény ;Profit or loss for the year 
4211;Céltartalék várható kötelezettségekre ;Provision for expected liabilities 
4212;Céltartalék a jövőbeni költségekre ;Provision for future expenses 
4213;Egyéb céltartalék ;Other provisions 
4311;Hátrasorolt kötelezettségek kapcsolt vállalkozással szemben ;Subordinated liabilities owed to affiliated undertakings 
4312;Hátrasorolt kötelezettség jelentős tulajdoni részesedési viszonyban lévő vállalkozással szemben ;Subordinated liabilities owed to substantial ownership
4313;Hátrasorolt kötelezettség egyéb részesedési viszonyban lévő vállalkozással szemben ;Subordinated liabilities owed  to other participations
4314;Hátrasorolt kötelezettség egyéb;Other subordinated liabilities 
4411;Hosszú lejáratra kapott kölcsön kapcsolt vállalkozástól;Long-term loans (affiliated undertakings) 
4412;Hosszú lejáratra kapott kölcsön egyéb;Long-term loans (other) 
4413;Átváltoztatható kötvények ;Convertible bonds 
4414;Tartozások kötvénykibocsátásból ;Debts on the issue of bonds 
4440;Beruházási és fejlesztési hitel  ;Investment and development loans 
4450;Egyéb hosszú lejáratú hitelek ;Other loans and credits 
4461;Tartós kötelezettségek kapcsolt vállalkozással szemben ;Long-term liabilities owed to affiliated undertakings 
4462;Tartós kötelezettségek jelentős tulajdoni, egyéb részesedési viszonyban lévő vállalkozásokkal szemben;Long-term liabilities owed to other participations
4471;Pénzügyi lízing miatti kötelezettségek ;Liabilities from a finance lease 
4472;Lízingkötelezettségek (IFRS 16) hosszú lejáratú;Leasing liabilities (IFRS16) long-term
4480;Hosszú lejáratú egyéb kötelezettségek ;Other long-term liabilities 
4491;Céltartalék hosszú lejáratú kötelezettség (IFRS);Long term liabilities - Provision (IFRS)
4492;Halasztott adókötelezettség  - DTL (IFRS IAS 12);Deferred tax liabilities - DTL (IFRS IAS 12)
4493;FVOCI Pénzügyi kötelezettségek (IFRS 9);FVOCI financial obligation (IFRS 9)
4511;Rövid lejáratú kölcsönök ;Short-term loans 
4512;Rövid lejáratú átváltoztatható kötvény;Short-term convertible bonds
4513;Átsorolt hosszú lejáratú kölcsönök éves törlesztőrészlete;Reclassified long term loans (annual instalment)
4521;Rövid lejáratú hitelek ;Short-term credits 
4522;Átsorolt hosszú lejáratú hitelek éves törlesztőrészlete;Reclassified long term credits (annual instalment)
4523;Vevőtől kapott előleg ;Prepayments received from customers 
4531;Szerződéses kötelezettség (IFRS 15);Contractual obligations (IFRS 15)
4540;Szállítók ;Trade creditors 
4541;Szállítók (belföldi);Trade creditors (domestic)
4542;Szállítók (külföldi);Trade creditors (foreign)
4560;Faktoring tartozások;Factoring debts
4570;Váltótartozások ;Bill of exchange debts 
4581;Rövid lejáratú kötelezettségek kapcsolt vállalkozással szemben ;Short-term liabilities owed to affiliated undertakings 
4582;Rövid lejáratú kötelezettségek jelentős tulajdoni, egyéb részesedési viszonyban lévő vállalkozásokkal szemben;Short-term liabilities owed to other participations
4583;Osztalékfizetési kötelezettség;Obligation to pay dividends
4590;Értékesítésre tartott befektetett eszközökhöz kapcsolódó kötelezettségek (IFRS 5);Liabilities for non-current assets held for sale (IFRS 5)
4591;Céltartalék rövid lejáratú kötelezettség (IFRS);Short term liabilities - Provision (IFRS)
4592;Lízingkötelezettségek (IFRS 16) rövid lejáratú;Leasing liabilities (IFRS 16) short-term
463101;Társasági adó;Corporate income 
463103;Személyi jövedelemadó;Personal income tax 
463104;Általános forgalmi adó ;Value added tax 
463119;Rehabilitációs hozzájárulás ;Rehabilitation contributions 
463124;Egészségbiztosítási Alapot megillető bevétel ;Revenues owed to the Health Insurance Fund 
463125;Nyugdíjbiztosítási Alapot megillető bevétel ;Revenues owed to the Pension Insurance Fund 
463138;Késedelmi pótlék;Late payment surcharge
463146;Játékadó ;Gabling tax 
463149;Munkáltatói táppénz hozzájárulás ;Employer's sick pay contribution 
463152;Egészségügyi hozzájárulás ;Health care contribution 
463182;Szakképzési hozzájárulás ;Vocational training contribution 
463184;Innovációs járulék ;Innovation contribution 
463188;Egészségbiztosítási és munkaerő-piaci járulék ;Health insurance and labour market contribution 
463190;Kifizetőt terhelő ekho ;Simplified contribution to public revenues (EKHO) due from payers 
463191;Magánszemélyt terhelő ekho ;Simplified contribution to public revenues (EKHO) due from private idividual 
463193;Nyugdíjas vagy járulékfizetési felsőhatár túllépés esetén fizetendő ekho ;Simplified contribution to public revenues (EKHO) to paid by pensioners and individuals exceeding the upper limit of contribution 
463194;Ekho különadó ;Simplified contribution to public revenues (EKHO) surtax 
463197;EGT tagállamban biztosított személytől levont ekho ;Simplified contribution to public revenues (EKHO) witheld from the income of individuals having an insured status in an EEA country  
463200;Biztosítási adó ;Insurance tax 
463202;Hitelintézeti járadék ;Contribution from credit institution 
463211;Egyéb kötelezettség ;Other payment obligation 
463214;Átlagadó ;Average tax 
463215;Bírság, mulasztási bírság és önellenőrzés;Penalty, default penalty, sel-audit allowance
463218;Baleseti adó ;Accident tax 
463221;Eljárási illeték ;Payment of duties related to tax procedures 
463222;Gépjármű vagyonszerzési illeték ;Duties on acquiring motor vehicle property 
463232;Energiaellátók jövedelemadója ;Income tax on energy service provider 
463234;Gyógyszertár szolidaritási díj ;Pharmancy solidarity fee 
463239;Egyszerűsített foglalkoztatásból eredő közteher ;Public payments arising from simplified employment 
463241;Cégautóadó ;Tax on company cars 
463243;Gyógyszerforgalmazók gyógyszertárban forgalmazott, közfinanszírozott gyógyszerek utáni befizetései ;Tax on subsidized medicines distributed in pharmacies by pharmacuetical distributors 
463244;Gyógyszer-nagykereskedők gyógyszertárak részére értékesített, közfinanszírozott gyógyszerek utáni befizetései ;Subsidized medicines sold to pharmaceutical wholesalers and pharmacies  
463246;Gyógyszer ismeretés utáni befizetés ;Payments regarding presentations on pharmaceutical products  
463247;Gyógyászati segédeszköz ismertetés utáni befizetés ;Payments regarding presentations on therapeutic equipment 
463248;Gyógyszertámogatás-többlet sávos kockázatviseléséből eredő befizetés ;Payments due for balancing tiered risk arising from excess subsidy provision on medicines  
463258;Szociális hozzájárulási adó ;Social contribution tax  
463259;Kulturális adó ;Cultural tax 
463283;Gyógyszerforgalmazók gyógyszertárban forgalmazott közfinanszírozott gyógyszerek utáni kiegészítő befizetései ;Supplementary payments regarding subsidized medicines distributed in pharmacies by pharmaceutical distributors  
463289;Kisvállalati adó ;Tax by small businesses  
463290;Személyi jövedelemadó magánszemélyektől levont adó, adóelőleg;Personal income tax (deducted from private person)
463291;Nyugdíjbiztosítási Alapot megillető magánszemélyektől levont járulék;Contribution  owed to the Health Insurance Fund (deducted from private person)
463293;Egészségbiztosítási és munkaerő-piaci járulék magánszemélyektől levont járulék;Contribution  owed to the Pension Insurance Fund (deducted from private person)
463295;Tűzvédelmi hozzájárulás ;Fire protection contributions  
463296;Közművezeték adó ;Public utility lines tax  
463297;Dohányipari vállalkozások egészségügyi hozzájárulása ;Health care contribution by tobacco industry businesses 
463300;Reklámadó ;Advertising tax  
463303;Külföldi vállalkozásnál biztosítási kötelezettséggel járó jogviszonyban foglalkoztatott utáni járulék ;Contributions of individuals employed in compulsory insured status at foreign corporations 
463310;Turizmusfejlesztési hozzájárulás ;Contributions to tourism development 
463312;Elektronikus bírósági eljárási illeték ;Fees of electronic court procedures  
463313;Forgalmazó és befektetési alap különadója ;Surtax of distributor and investment funds  
463314;Pénzügyi tranzakciós illeték ;Duties on financial transactions  
463315;Hitelintézetek 2011-ben kezdődő üzleti- vagy adóévére vonatkozó különadója ;Surtax of credit institutions for the business or tax year beginning in 2011  
463316;Pénzügyi szervezetek különadója ;Surtax of financial institutions  
463339;Környezetterhelési díj ;Environmental load fee  
463345;Távközlési adó ;Telecommunication tax  
463416;Bevándorlási különadó ;Immigration surtax  
463521;Illeték ;Duties 
463901;Vám ;Customs duties 
463902;Importtermék áfa ;VAT of import product  
463910;Uniós vámbevétel ;Community customs duties  
463911;Külföldi gépjárműadó ;Foreign motor-vehicle tax  
463914;Regisztrációs adó ;Registration tax 
463920;Környezetvédelmi termékdíj ;Environmental protection product fee 
463923;Népegészségügyi termékadó ;Public health product tax  
463941;Üzemanyag energiatermékek jövedéki adója ;Fuel energy products excise duty  
463942;Egyéb termékek jövedéki adója ;Excise duty of other products  
463944;Bérfőzési szeszadó ;Distillation excise tax  
463946;Dohánygyártmány jövedéki adó ;Tobacco products excise duty  
463947;Dohánygyártmány áfa ;Tobacco products VAT 
463950;Villamos energia, földgáz, szén energiatermékek jövedéki adója ;Electricity, natural gas, coal energy products excise duty  
463956;Import jövedéki és energiadó ;Import excise duties and energy tax  
463960;Egyéb adó;Other tax
4651;Iparűzési adó (helyi adó);Local tax - business tax 
4652;Gépjárműadó -súlyadó (helyi adó);Local tax - vehicle tax
4653;Kommunális adó (helyi adó);Local tax - municipal tax
4654;Idegenforgalmi adó (helyi adó);Local tax - tax on tourism 
4655;Telekadó (helyi adó);Local tax - property tax 
4656;Építményadó (helyi adó);Local tax - building tax
4657;Egyéb helyi adó;Local tax - other
4680;Áfa pénzügyi elszámolás;VAT financial clearance
4710;Jövedelemelszámolási számla ;Settlement account for income 
4720;Fel nem vett járandóság;Non-drawn emoluments
4730;Elkülönített állami pénzalapokkal kapcsolatos befizetési kötelezettségek ;Payment liabilities due to separate funds 
4740;Rövid lejáratú kötelezettségek munkavállalókkal szemben ;Other short-term liabilities due to employees 
4750;Részesedésekkel, értékpapírokkal, határidős, opciós és swap ügyletekkel kapcsolatos kötelezettségek ;Liablilities due to shares, securities, futures, options and swaps 
4760;Származékos ügyletek negatív értékelési különbözete ;Negative valuation difference of derivatives  
4770;Különféle egyéb rövid lejáratú kötelezettségek ;Other various liabilities 
4810;Bevételek paszív időbeli elhatárolása ;Prepaid income 
4820;Költségek, ráfordítások passzív időbeli elhatárolása ;Accrued expenses 
4830;Halasztott bevételek ;Deferred income 
5100;Anyagköltség;Cost of materials 
5110;Vásárolt anyagok költségei ;Cost of materials 
5120;Éven belül elhasználódó anyagok költségei ;Cost of materials with max. one year availability 
5130;Egyéb anyagköltség ;Other material costs 
5190;Anyagköltség-megtérülés ;Recovered material costs 
5200;Igénybe vett szolgáltatások  ;Contracted servicies 
5210;Szállítás, raktározás költségei ;Cost of delivery, transportation, storage 
5220;Bérleti díj ;Renting fees  
5230;Karbantartási költségek ;Maintenance costs 
5240;Hirdetés, reklám költségek ;Advertising costs 
5250;Oktatás, továbbképzés ;Education, training costs 
5260;Utazási, kiküldetési költségek (napidíj nélkül) ;Travel expenses (without daily allowance) 
5270;Tanácsadási költségek ;Consultancy costs 
5280;Bérmunka költségei;Cost of contract work 
5290;Egyéb igénybe vett szolgáltatás ;Other contracted servicies 
5300;Egyéb szolgáltatások;Other service activities
5310;Hatósági, igazgatási szolgáltatási díj, illeték ;Official dues 
5320;Pénzügyi, befektetési szolgáltatási díj ;Banking charges 
5330;Biztosítási díj ;Insurance fees 
5340;Költségként elszámolandó adók, járulékok, termékdíj ;Taxes, contributions and product fee to be accounted for as cost 
5391;Nem a vállalkozási, bevételszerző tevékenységgel kapcsolatos költségek;Non-business activities cost
5992;Különféle egyéb költségek ;Other various service activities 
5400;Bérköltség ;Wages and salaries 
5500;Személy jellegű egyéb kifizetések;Staff cost
5510;Munkavállalónak, tagoknak fizetett személyi jellegű kifizetések ;Personnel payments to employee 
5520;Kulturális költségek ;Cultural costs 
5530;Egyéb személyjellegű kifizetés ;Other payments to personnel 
5541;Munkavállalóknak tőkeinstrumentumhoz nyújtott részvényalapú kifizetés költségként/ráfordításként elszámolt adóévi összege (IFRS 2);Costs/expenses of equity-settled share-based payment granted to employees (IFRS 2)
5542;Munkavállalói juttatások személyi jellegű költség/ráfordítása (IAS 19);Costs/expenses of employee benefits  (IAS 19)
561103;Kifizetőt terhelő személyi jövedelemadó;Personal income tax due from payers 
561119;Rehabilitációs hozzájárulás ;Rehabilitation contributions 
561182;Szakképzési hozzájárulás  ;Contribution of human investment 
561239;Egyszerűsített foglalkoztatásból eredő közteher ;Public payments arising from simplified employment 
561258;Szociális hozzájárulási adó ;Social contribution tax 
561960;Egyéb bérjárulékok ;Other salary contributions 
5700;Értékcsökkenési leírás;Depreciation
5710;Terv szerinti értékcsökkenési leírás ;Ordinary depreciation 
5720;Egy összegben elszámolt értékcsökkenés ;Depreciation on low value tangible assets 
5730;Használatijog-eszköz értékcsökkenés (IFRS);Depreciation of right-of use asset (IFRS)
5800;Aktivált saját teljesítmények értéke;Own work capitalized and work in progress
5810;Saját termelésű készletek állományváltozása  ;Change in stocks of finished products and work in progress 
5820;Saját előállítású eszközök aktivált értéke ;Own work capitalized 
6100;Javító-karbantartó üzemek költségei ;Costs of repair and maintenance facilities 
6200;Szolgáltatást végző üzemek (egységek) költségei ;Costs of service units 
6300;Gépköltség ;Machinery costs 
6400;Üzemi irányítás általános költségei ;General costs of  management units 
6500;Központi irányítás általános költségei ;General costs of  central management
6600;Az értékesítés közvetett költségei (Értékesítési, forgalmazási költségek,Igazgatási költségek, Egyéb általános költségek);Indirect cost of sales (Selling, distribution costs, Administrative costs, Other general costs ) 
6800;Elkülönített egyéb általános költségek;Separate other general costs 
6900;Költséghelyek költségeinek átvezetése ;Transfer account for costs of cost centers 
7100;Tevékenységek költségei ;Costs of activities 
7200;Termelés költségei ;Production costs 
7500;Szolgáltatás költségei ;Service costs 
7700;Forgalombahozatal költségei;Costs of marketing
7900;Tevékenységek költségeinek elszámolása ;Accounting for costs of activities 
8110;Anyagköltség (önköltség eljárásnál);Raw materials and consumables (Classification of expenses by nature)
8120;Igénybe vett szolgáltatások értéke (önköltség eljárásnál);Contracted services (Classification of expenses by nature)
8130;Egyéb szolgáltatások értéke (önköltség eljárásnál);Other service activities (Classification of expenses by nature)
8140;Eladott áruk beszerzési értéke (önköltség eljárásnál);Cost of goods sold (Classification of expenses by nature)
8150;Eladott (közvetített) szolgáltatások értéke (önköltség eljárásnál);Costs of services sold (recharged) (Classification of expenses by nature)
8210;Bérköltség (önköltség eljárásnál);Wages and salaries (Classification of expenses by nature)
8220;Személyi jellegű egyéb kifizetések (önköltség eljárásnál);Other payments to personnel (Classification of expenses by nature)
8230;Bérjárulékok (önköltség eljárásnál);Social security costs (Classification of expenses by nature)
8300;Értékcsökkenési leírás (önköltség eljárásnál);Depreciation (Classification of expenses by nature)
8411;Belföldi értékesítés elszámolt közvetlen önköltsége (forgalmi költség eljárásnál);Direct cost  of sales (domestic sales) (Classification of expenses by function)
8412;Belföldi értékesítés eladott áruk beszerzési értéke (forgalmi költség eljárásnál);Direct cost of goods sold (domestic sales) (Classification of expenses by function)
8413;Belföldi értékesítés eladott (közvetített) szolgáltatások értéke (forgalmi költség eljárásnál);Value of  the services supplied by third parties (domestic sales) (Classification of expenses by function)
8415;Exportértékesítés elszámolt közvetlen önköltsége (forgalmi költség eljárásnál);Direct cost of sales (export sales) (Classification of expenses by function)
8416;Exportértékesítés eladott áruk beszerzési értéke (forgalmi költség eljárásnál);Direct cost of goods sold (export sales) (Classification of expenses by function)
8417;Exportértékesítés eladott (közvetített) szolgáltatások értéke (forgalmi költség eljárásnál);Value of  the services supplied by third parties (export sales) (Classification of expenses by function)
8500;Értékesítés közvetett költségei (forgalmi költség eljárásnál);Indirect cost of sales (Classification of expenses by function)
8510;Értékesítési, forgalmazási költségek (forgalmi költség eljárásnál);Selling, distribution costs  (Classification of expenses by function)
8520;Igazgatási költségek (forgalmi költség eljárásnál);Administrative costs (Classification of expenses by function)
8530;Egyéb általános költségek (forgalmi költség eljárásnál);Other general costs (Classification of expenses by function)
8600;Egyéb ráfordítások;Other expenses
8610;Értékesített immateriális javak, tárgyi eszközök könyv szerinti értéke ;Book value of sold intangible assets and tangible assets 
8620;Értékesített, átruházott (engedményezett) forgóeszközök között kimutatott követelések könyv szerinti értéke ;Book value of debtors sold (included among current assets) 
8630;Mérlegfordulónap előtt bekövetkezett események üzleti évhez kapcsolódó ráfordítások ;Expenses related to the business year (Events before the balance sheet date ) 
8640;Céltartalék képzése ;Provisions 
8651;Behajthatatlan követelésekre elszámolt értékvesztés;Impairment loss to  irrecoverable receivables
8652;Egyéb értékvesztés;Other impairment loss 
8653;Terven felüli értékcsökkenés ;Extraordinary depreciation 
866101;Társasági adó;Corporate tax 
866184;Innovációs járulék ;Innovation contribution 
866200;Biztosítási adó ;Isurance tax
866211;Egyéb kötelezettség ;Other payment obligation 
866218;Baleseti adó ;Accident tax 
866241;Cégautóadó;Tax on company cars 
866314;Pénzügyi tranzakciós illeték ;Duties on financial transactions  
866316;Pénzügyi szervezetek különadója ;Surtax of financial institutions  
866339;Környezetterhelési díj ;Environmental load fee  
866345;Távközlési adó ;Telecommunication tax  
866920;Környezetvédelmi termékdíj ;Environmental protection product fee 
866923;Népegészségügyi termékadó ;Public health product tax  
866960;Egyéb adók, díjak, illetékek, hozzájárulások ;Other taxes, fees, levies, contributions 
866961;Helyi iparűzési adó (helyi adó);Local tax - business tax 
866962;Gépjárműadó -súlyadó (helyi adó);Local tax - vehicle tax
866963;Egyéb helyi adók;Local tax - other
8670;Utólag adott (fizetendő), értékesítéshez közvetve kapcsolódó kedvezmény ;Subsequently given, settled discount (indirectly related to sales) 
86811;Bírságok, kötbérek, fekbérek, kártérítések, behajtási költségátalányok, sérelemdíjak ;Fines, penalties, penalties, damages, recovery lump sums, injury fees
86812;Késedelmi kamatok;Interest for late payment
86813;Kerekítési különbözetek;Rounding differences
86814;Nem a vállalkozási, bevételszerző tevékenységgel kapcsolatos ráfordítások;Non-business activities expenses
86815;Behajthatatlannak nem minősülő, elengedett követelés;Released claim (not  irrecoverable receivables)
86816;Visszafizetési kötelezettség nélkül adott támogatás, juttatások költség, ráfordítások ellentételezésére;Non-repayable aid, payment 
86817;Visszafizetési kötelezettség nélkül adott támogatás, juttatások ráfordítása fejlesztési célra;Non-repayable aid, payment (for development)
86818;Látványcsapatsport támogatás jogcímen elszámolt ráfordítás;Expenses for visual team sports support
86819;Filmalkotás támogatás jogcímen elszámolt ráfordítás;Expenses for cinematography support
86820;Egyéb vagyoncsökkenéssel járó ráfordítások;Other expenditure (diminution of assets)
86821;Üzletág értékesítés vesztesége;Loss of sold business
86822;Ellentételezés nélkül átvállalt tartozás;Debt assumed without compensation
86823;Társaságba apportként bevitt eszközök árfolyamvesztesége;Exchange rate loss from assets contribution to a company
86824;Térítés nélkül átadott eszközök nyilvántartási értéke;Record value of free transfer (assets)
86825;Térítés nélkül nyújtott szolgáltatások bekerülési értéke;Cost of free transfer (services)
86826;Kereskedelmi áruk veszteségjellegű leltárértékelési különbözete;Loss of commodity inventory valuation difference
86911;Megszűnt tevékenység eredménye (IFRS);Results of discontinued operation (IFRS)
86912;Pénzügyi instrumentumok valós értékeléséből, vagy átsorolásából keletkező eredmény (IFRS);The result of fair value measurement or reclassification of financial instruments (IFRS)
86913;Befektetési célú ingatlanok értékeléséből származó eredmény (IFRS);Result from valuation of investment properties (IFRS)
86916;Egyéb IFRS átértékelések eredménye (IFRS);Other IFRS revaluations results (IFRS)
86917;Halasztott adóráfordítások (IFRS);Deferred tax (IFRS)
86918;Egyéb működési ráfordítás (IFRS);Other operating expenses (IFRS)
86999;Különféle egyéb ráfordítások;Other various expenses 
8700;Pénzügyi műveletek ráfordításai;Financial operations expenses 
8711;Kapcsolt válalkozásnak adott részesedésekből származó ráfordítások, árfolyamveszteségek ;Losses and expenses from shares to affiliated undertakings
8712;Részesedésekből származó ráfordítások, árfolyamveszteségek ;Losses and expenses from shares
8713;Kedvezményezett részesedéscsere alapján elszámolt árfolyamveszteség;Exchange losses recognized on the basis of the beneficiary 's shareholding
8721;Kapcsolt vállalkozásnak adott befektetett pénzügyi eszközökből származó ráfordítások, árfolyamveszteségek ;Losses and expenses from financial investments to affiliated undertakings
8722;Befektetett pénzügyi eszközökből származó ráfordítások, árfolyamveszteségek ;Losses and expenses from financial investments 
8731;Kapcsolt vállalkozásnak adott(fizetett) kamatok és kamatjellegű ráfordítások ;Interests to be paid (to affiliated undertakings)
8732;Fizetendő (fizetett) kamatok és kamatjellegű ráfordítások ;Interests to be paid 
8740;Részesedések, értékpapírok, tartós bankbetétek, tartósan adott kölcsönök értékvesztése ;Loss in value of participating interests, securities, long-term bank deposit, long-term loans 
8750;Forgóeszközök között kimutatott részesedések, értékpapírok ráfordításai ;Expenses of shares and securities reported as current assets 
8761;Átváltáskori, értékeléskori árfolyamveszteség ;Exchange loss from conversation
8762;Átértékeléskori árfolyamveszteség ;Exchange loss from valuation 
8763;Értékelési különbözetből származó egyéb pénzügyi műveletek ráfordításai;Other financial operations expenses from valuation differences
8770;Egyéb árfolyamveszteségek, opciós díjak ;Other exchange loss, option fees 
8780;Forgóeszközök között kimutatott vásárolt követelésekkel kapcsolatos ráfordítások ;Expenditure in connection with bougth debtors (included among current assets) 
8790;Egyéb pénzügyi ráfordítások ;Other financial operations expenses 
9110;Belföldi értékesítés nettó árbevétele ;Net revenue from domestic sales 
9310;Exportértékesítés nettó árbevétele ;Net revenue from export sales 
9600;Egyéb bevételek;Other revenues
9610;Értékesített immateriális javak, tárgyi eszközök bevétele ;Revenues from sold  intangible assets and tangible assets  
9620;Értékesített, átruházott (engedményezett) forgóeszközök között kimutatott követelések elismert értéke ;Acknowledge value of sold debts and assignments (included among current assets) 
96311;Káreseményekkel kapcsolatosan kapott bevételek;Income from claims
96312;Kapott (elengedett) bírságok, kötbérek, fekbérek, kártérítések, behajtási költségátalányok, sérelemdíjak;Released fines, penalties, penalties, damages, recovery lump sums, injury fees
96313;Kapott késedelmi kamatok;Interest received on late payments
96314;A mérlegkészítés időpontjáig pénzügyileg rendezett, az  üzleti évhez kapcsolódó egyéb bevételek ;Revenues related to the business year which paid until the balance sheet date 
96315;Céltartalék felhasználása ;Use of provision 
96316;Behajthatatlan, leírt követelésekre kapott összegek;Repayed irrecoverable receivables
96317;Visszaírt értékvesztés;Written back loss 
96318;Visszaírt terven felüli értékcsökkenés;Written back  extraordinary depreciation 
96319;Visszafizetési kötelezettség nélkül (költségek ellentételezésére) kapott, igényelt támogatás, juttatás ;Received grant (to settle costs) without repayment obligation 
96320;Visszafizetési kötelezettség nélkül kapott támogatás, juttatások fejlesztési célra;Received grant without repayment obligation (for development)
96321;Egyéb vagyonnövekedéssel járó bevételek;Other profits (growth of assets)
96322;Társaságba apportként bevitt eszközök árfolyamnyeresége;Exchange profit from assets contribution to a company
96323;Térítés nélkül átvett eszközök forgalmi/piaci értéke;Market value of free receipts (assets)
96324;Térítés nélkül kapott igénybe vett szolgáltatások piaci értéke;Market value free receipts (services)
96325;Kereskedelmi áruk nyereségjellegű leltárértékelési különbözete;Profits of commodity inventory valuation difference
96326;Utólag kapott (járó), értékesítéshez közvetve kapcsolódó engedmény ;Subsequently received, settled discount  (indirectly related to sales) 
96327;Fellelt többlet ;Excess 
96328;Kerekítési különbözetek;Rounding differences
96329;Üzletág értékesítés nyeresége;Profit of sold business
96330;Elhatárolt negatív üzleti vagy cégértékből leírt összeg;Loss amount from accrued negative goodwill
96911;Megszűnt tevékenység eredménye (IFRS);Results of discontinued operation (IFRS)
96912;Pénzügyi instrumentumok valós értékeléséből, vagy átsorolásából keletkező eredmény (IFRS);The result of fair value measurement or reclassification of financial instruments (IFRS)
96913;Befektetési célú ingatlanok értékeléséből származó eredmény (IFRS);Result from valuation of investment properties (IFRS)
96916;Egyéb IFRS átértékelések eredménye (IFRS);Other IFRS revaluations results (IFRS)
96999;Különféle egyéb bevételek ;Other various revenues 
9700;Pénzügyi műveletek bevétele;Financial operations revenues 
9711;Kapcsolt vállalkozástól kapott (járó) osztalék és részesedés ;Dividends and profit sharing income to affiliated undertakings
9712;Kapott (járó) osztalék és részesedés ;Dividends and profit sharing income 
9721;Kapcsolt vállalkozásoktól kapott részesedésekből származó bevételek, árfolyamnyereségek ;Income/Exchange profit  from shares affiliated undertakings
9722;Részesedésekből származó bevételek, árfolyamnyereségek ;Income/Exchange profit  from shares
9723;Kedvezményezett részesedéscsere alapján elszámolt árfolyamnyereség;Exchange profit recognized on the basis of the beneficiary 's shareholding
9730;Befektetett pénzügyi eszközökből származó  bevételek, árfolyamnyereségek ;Income/Exchange profit from financial investments
9741;Kapcsolt vállalkozástól kapott kamat;Interest received from affiliated companies
9742;Egyéb kapott kamatok és kamatjellegű bevételek ;Other interests received 
9750;Forgóeszközök között kimutatott részesedések, értékpapírok bevételei ;Revenues of shares and securities reported as current assets 
9761;Átváltáskori árfolyamnyereség ;Exchange gain from conversation
9762;Átértékeléskori árfolyamnyereség ;Exchange gain from valuation 
9763;Értékelési különbözetből származó egyéb pénzügyi műveletek bevétele;Other financial operations revenues from valuation differences
9770;Egyéb árfolyamnyereségek, opciós díjbevételek ;Other exchange gain, option premiums 
9780;Forgóeszközök között kimutatott vásárolt követelésekkel kapcsolatos bevételek ;Revenues of  purchased receivables reported as current assets 
9791;Egyéb pénzügyi bevételek ;Other financial operations revenues 
9792;Munkavállalóknak tőkeinstrumentumhoz nyújtott részvényalapú kifizetés bevételeként elszámolt adóévi összege (IFRS 2);Revenues of equity-settled share-based payment granted to employees (IFRS 2)
;;
;;
;;
;;
;;
;;
;;
